연도,시도,위험도_pct,위험도_점수
2012,강원,2.8271140133597616,24.26
2013,강원,3.5147634052127126,32.62
2014,강원,3.561266272191014,33.18
2015,강원,3.881150997975125,37.07
2016,강원,4.286133092283236,41.99
2017,강원,4.612343290662183,45.95
2018,강원,4.874243545007232,49.14
2019,강원,5.409952521794941,55.65
2020,강원,5.645789973322005,58.52
2021,강원,5.474142853190688,56.43
2022,강원,6.062722281069288,63.59
2023,강원,6.943415910248108,74.28
2024,강원,7.454720887201217,80.51
2012,경기,2.742900843248543,23.24
2013,경기,3.3997002958651734,31.22
2014,경기,3.6312157789209625,34.03
2015,경기,3.7406518055419955,35.37
2016,경기,4.18857946022861,40.81
2017,경기,4.516281981840844,44.79
2018,경기,4.923082696855281,49.73
2019,경기,5.5786861786234,57.71
2020,경기,5.647674384757316,58.54
2021,경기,5.227758186772341,53.44
2022,경기,6.159652547039603,64.77
2023,경기,7.1472735327127275,76.76
2024,경기,7.78658314476443,84.54
2012,경남,1.6665116831394349,10.16
2013,경남,2.250071791603661,17.25
2014,경남,2.3346388021480893,18.28
2015,경남,2.6307800231343457,21.88
2016,경남,3.2130326006996928,28.95
2017,경남,3.677605878777694,34.6
2018,경남,3.8756425684180553,37.01
2019,경남,4.394260988100277,43.3
2020,경남,4.726324493105202,47.34
2021,경남,4.683768540192799,46.83
2022,경남,5.111009716689168,52.02
2023,경남,5.676537029061068,58.9
2024,경남,6.26747712134785,66.07
2012,경북,1.5934181775365994,9.26
2013,경북,2.1748545575286102,16.33
2014,경북,2.4740057060442333,19.97
2015,경북,2.916035568525944,25.34
2016,경북,3.344728332108587,30.55
2017,경북,3.816902761619574,36.29
2018,경북,4.282350287873482,41.94
2019,경북,4.99982993679947,50.67
2020,경북,5.350004195679034,54.92
2021,경북,5.487342946040775,56.59
2022,경북,6.214090253896618,65.42
2023,경북,6.882817712516225,73.55
2024,경북,7.422524068745981,80.12
2012,광주,1.5895387599762851,9.22
2013,광주,2.1583038427902688,16.13
2014,광주,2.4432837444563273,19.59
2015,광주,2.5161313653538255,20.48
2016,광주,2.599338209758507,21.49
2017,광주,2.780234199420518,23.69
2018,광주,3.2844837322535994,29.81
2019,광주,3.659705796455345,34.38
2020,광주,4.057246260152688,39.21
2021,광주,3.8645635483953775,36.87
2022,광주,4.379920370415028,43.13
2023,광주,5.482588554778906,56.54
2024,광주,5.835343022487518,60.82
2012,대구,1.6186651934168572,9.58
2013,대구,2.1293698564499426,15.78
2014,대구,2.2094833557567224,16.75
2015,대구,2.3741235780656575,18.75
2016,대구,2.77782633713796,23.66
2017,대구,3.3865789092399132,31.06
2018,대구,3.7294916792894073,35.22
2019,대구,4.253906042805846,41.6
2020,대구,4.368202968565746,42.99
2021,대구,4.330697675860415,42.54
2022,대구,4.912882900054278,49.61
2023,대구,5.441670352092993,56.04
2024,대구,5.863093407836505,61.16
2012,대전,2.264502053843619,17.43
2013,대전,2.861834059631489,24.68
2014,대전,2.8167643484917173,24.14
2015,대전,2.7003209138523996,22.72
2016,대전,2.7871885408665467,23.77
2017,대전,3.2311507605529894,29.17
2018,대전,3.474294602086366,32.12
2019,대전,4.150397045550246,40.34
2020,대전,4.212221775447667,41.09
2021,대전,3.957737403634665,38.0
2022,대전,4.480916572249104,44.36
2023,대전,5.217200100459257,53.31
2024,대전,5.832729836107419,60.79
2012,부산,1.8935292560626664,12.92
2013,부산,2.546096747568593,20.84
2014,부산,2.611908717703267,21.65
2015,부산,2.8699414692331016,24.78
2016,부산,3.3358950892505037,30.44
2017,부산,3.453311266851687,31.87
2018,부산,3.8633384887925266,36.85
2019,부산,4.51363032010657,44.76
2020,부산,4.583155949415801,45.6
2021,부산,4.486173193466184,44.42
2022,부산,4.8714464609468795,49.1
2023,부산,5.510089596492808,56.87
2024,부산,5.819633873859452,60.63
2012,서울,3.8785906109396917,37.04
2013,서울,4.562604583049689,45.36
2014,서울,4.6130367928977805,45.96
2015,서울,4.574793307459625,45.5
2016,서울,4.874541904667094,49.15
2017,서울,5.2839670147739595,54.12
2018,서울,5.9151759671997315,61.79
2019,서울,6.438135737992997,68.15
2020,서울,6.504269736865127,68.95
2021,서울,5.301166429715709,54.33
2022,서울,6.359573823161476,67.2
2023,서울,7.376503051867459,79.56
2024,서울,7.730398639756167,83.85
2012,울산,0.8312816434379986,0.0
2013,울산,1.4943679782122512,8.06
2014,울산,1.845964696731434,12.34
2015,울산,2.0005066624373375,14.22
2016,울산,2.2452870958148408,17.19
2017,울산,2.64797789825094,22.08
2018,울산,3.1457307102915593,28.14
2019,울산,3.590698774556632,33.54
2020,울산,3.7468919075049145,35.44
2021,울산,3.629039191919233,34.01
2022,울산,3.9312748910614994,37.68
2023,울산,4.276875539154975,41.88
2024,울산,4.95904607958105,50.17
2012,인천,2.189622258977719,16.52
2013,인천,2.798538879589827,23.92
2014,인천,3.1083836473585134,27.67
2015,인천,3.390598838816848,31.11
2016,인천,3.845661595875856,36.64
2017,인천,4.159335449505276,40.45
2018,인천,4.820902172293717,48.49
2019,인천,5.556838035904481,57.44
2020,인천,5.981490262160121,62.59
2021,인천,5.478127341011131,56.48
2022,인천,6.408443881903695,67.78
2023,인천,7.556771214818811,81.75
2024,인천,8.533686545543686,93.62
2012,전남,2.7774059573085603,23.65
2013,전남,3.5171626004390895,32.64
2014,전남,3.7247294079228572,35.17
2015,전남,4.07999845131363,39.49
2016,전남,4.7238020558622615,47.31
2017,전남,5.688351857610693,59.03
2018,전남,6.557377774940688,69.59
2019,전남,6.8943472265110985,73.69
2020,전남,7.324019079581388,78.91
2021,전남,7.0861134879962755,76.02
2022,전남,7.444544258641082,80.38
2023,전남,7.96392968800285,86.69
2024,전남,8.890277990560197,97.95
2012,전북,2.6899206761655376,22.59
2013,전북,3.2025449475444683,28.83
2014,전북,3.4891535302764076,32.3
2015,전북,3.738699732627397,35.34
2016,전북,4.198564181987292,40.93
2017,전북,4.647510985580531,46.39
2018,전북,5.02455608479324,50.97
2019,전북,5.674448710496349,58.86
2020,전북,6.137668840082201,64.5
2021,전북,5.992539757633043,62.74
2022,전북,6.696499435543689,71.28
2023,전북,7.487283022160051,80.89
2024,전북,8.063106052101558,87.89
2012,제주,1.8744523740765955,12.68
2013,제주,2.562158116265,21.04
2014,제주,2.946586746155196,25.72
2015,제주,3.3945299230513455,31.16
2016,제주,3.5892717891158785,33.52
2017,제주,4.220464890120857,41.19
2018,제주,4.630736581020782,46.18
2019,제주,5.283865074877635,54.12
2020,제주,5.853491341612506,61.04
2021,제주,6.09178059755648,63.94
2022,제주,6.899102656943507,73.75
2023,제주,7.851681642400546,85.33
2024,제주,9.05899391966344,100.0
2012,충남,1.5399403907764113,8.62
2013,충남,2.336665005606485,18.3
2014,충남,2.6558468869401914,22.18
2015,충남,2.950501685478263,25.77
2016,충남,3.4663252934123236,32.02
2017,충남,3.8178726930516866,36.3
2018,충남,4.74290822660676,47.54
2019,충남,5.413295688631852,55.69
2020,충남,5.945247420320769,62.15
2021,충남,5.953245519981971,62.25
2022,충남,6.612963913276504,70.27
2023,충남,7.4744071650036386,80.74
2024,충남,8.779041357514373,96.6
2012,충북,1.9001110900353844,12.99
2013,충북,2.6198239427239867,21.74
2014,충북,2.779226274099321,23.68
2015,충북,2.799842610217306,23.93
2016,충북,3.3050238540363757,30.07
2017,충북,3.7321725643773176,35.26
2018,충북,4.41873903849807,43.61
2019,충북,4.818496468598678,48.46
2020,충북,5.408247153699817,55.63
2021,충북,5.342601159865688,54.84
2022,충북,6.233788890908077,65.67
2023,충북,6.759862513966576,72.06
2024,충북,7.422002629362959,80.1
