연도,시도,학제,위험도_pct,위험도_점수
2012,강원,고,2.6070348837381543,8.81
2013,강원,고,3.2615098651289935,12.4
2014,강원,고,3.262215297864038,12.4
2015,강원,고,4.335815115417629,18.29
2016,강원,고,4.79496624455186,20.81
2017,강원,고,4.813780637377512,20.92
2018,강원,고,4.971350707673098,21.78
2019,강원,고,5.495046370386672,24.65
2020,강원,고,6.4967683282155875,30.15
2021,강원,고,6.64240323967878,30.95
2022,강원,고,7.842092765675554,37.53
2023,강원,고,8.131001838066942,39.12
2024,강원,고,9.647669967618803,47.44
2012,강원,중,3.2735864127133936,12.47
2013,강원,중,3.54328363483383,13.94
2014,강원,중,3.5745737959498673,14.12
2015,강원,중,4.073823590207371,16.86
2016,강원,중,4.435065232792279,18.84
2017,강원,중,4.067586738030242,16.82
2018,강원,중,4.3274256534929885,18.24
2019,강원,중,4.6845815671501665,20.21
2020,강원,중,5.018565858607888,22.04
2021,강원,중,5.290003569793984,23.53
2022,강원,중,5.7164871113750415,25.87
2023,강원,중,6.360856980232009,29.4
2024,강원,중,6.474693737624575,30.03
2012,경기,고,3.0837561312267434,11.42
2013,경기,고,3.4311978781587498,13.33
2014,경기,고,3.695566821460887,14.78
2015,경기,고,3.9273650735577186,16.05
2016,경기,고,4.967962405967677,21.76
2017,경기,고,5.3501307336641295,23.86
2018,경기,고,6.289547759115528,29.02
2019,경기,고,7.2090342174948425,34.06
2020,경기,고,7.857572065039278,37.62
2021,경기,고,8.955799321366484,43.64
2022,경기,고,11.799272408540403,59.24
2023,경기,고,13.875331373194832,70.63
2024,경기,고,16.53522572721399,85.23
2012,경기,중,2.545168932126331,8.47
2013,경기,중,2.7355083786687837,9.51
2014,경기,중,3.0482279100403877,11.23
2015,경기,중,3.2605062787752397,12.4
2016,경기,중,4.013416302146193,16.52
2017,경기,중,4.03611562211468,16.65
2018,경기,중,4.380614828724234,18.54
2019,경기,중,5.377470065616911,24.01
2020,경기,중,6.378994487612798,29.5
2021,경기,중,6.906995287298088,32.4
2022,경기,중,7.7325953334572075,36.93
2023,경기,중,8.985523598268223,43.81
2024,경기,중,10.191341989033402,50.42
2012,경남,고,1.7811206147522993,4.27
2013,경남,고,2.205678875971626,6.61
2014,경남,고,2.204027996622042,6.6
2015,경남,고,2.9033776181838653,10.43
2016,경남,고,3.2082323420759398,12.1
2017,경남,고,2.9143189219850925,10.49
2018,경남,고,3.450012753401065,13.43
2019,경남,고,4.245042036843214,17.79
2020,경남,고,5.143813929737778,22.73
2021,경남,고,5.918683755871728,26.98
2022,경남,고,7.587597129647925,36.14
2023,경남,고,9.192960034130286,44.94
2024,경남,고,11.529022406374674,57.76
2012,경남,중,2.355802186738738,7.43
2013,경남,중,2.681977664805194,9.22
2014,경남,중,2.709617760088846,9.37
2015,경남,중,3.1687786952717247,11.89
2016,경남,중,3.479599704047691,13.6
2017,경남,중,3.43715558238372,13.36
2018,경남,중,3.829314850985897,15.51
2019,경남,중,4.410399172744379,18.7
2020,경남,중,5.628153413009421,25.38
2021,경남,중,6.253797149451294,28.82
2022,경남,중,6.877001025364063,32.24
2023,경남,중,7.662225380165789,36.54
2024,경남,중,8.159668280880574,39.28
2012,경북,고,1.3252519511219942,1.77
2013,경북,고,1.4437000722591227,2.43
2014,경북,고,1.8398807212290893,4.6
2015,경북,고,2.3396906711993077,7.34
2016,경북,고,2.88426909823778,10.33
2017,경북,고,3.039043368163505,11.18
2018,경북,고,3.6780338582364998,14.68
2019,경북,고,4.652659381710511,20.03
2020,경북,고,5.190681675485624,22.98
2021,경북,고,6.794932898796633,31.79
2022,경북,고,8.824684500046795,42.92
2023,경북,고,10.771385504880048,53.6
2024,경북,고,13.94349439242332,71.01
2012,경북,중,2.21996003854628,6.68
2013,경북,중,2.495740764293652,8.2
2014,경북,중,2.586799511332762,8.7
2015,경북,중,2.9561426211036586,10.72
2016,경북,중,3.2262597074550086,12.2
2017,경북,중,3.4064933025697495,13.19
2018,경북,중,3.9550221153082443,16.2
2019,경북,중,5.011876280974764,22.0
2020,경북,중,6.252077333282418,28.81
2021,경북,중,6.973902173345228,32.77
2022,경북,중,8.008767660588765,38.45
2023,경북,중,9.151234287695534,44.71
2024,경북,중,9.596161197262315,47.16
2012,광주,고,1.2698474695449082,1.47
2013,광주,고,1.7178414373637394,3.93
2014,광주,고,2.423198843983646,7.8
2015,광주,고,2.7507664416093114,9.6
2016,광주,고,3.241176156403813,12.29
2017,광주,고,3.056688596539508,11.28
2018,광주,고,3.982787933399533,16.36
2019,광주,고,5.225766639197231,23.18
2020,광주,고,6.033057978372285,27.6
2021,광주,고,6.11388602739039,28.05
2022,광주,고,7.323227202177732,34.68
2023,광주,고,9.827025051807,48.42
2024,광주,고,11.23867502516915,56.17
2012,광주,중,2.3681024366033703,7.5
2013,광주,중,2.409774385774108,7.73
2014,광주,중,2.5499682277897446,8.49
2015,광주,중,2.8549166145771725,10.17
2016,광주,중,3.426059720247878,13.3
2017,광주,중,3.304355256358015,12.63
2018,광주,중,3.711604050492355,14.87
2019,광주,중,4.290785608379513,18.05
2020,광주,중,5.008762941069672,21.99
2021,광주,중,5.2690899668316025,23.41
2022,광주,중,5.93819114977209,27.08
2023,광주,중,7.045173085356827,33.16
2024,광주,중,7.891440368694983,37.8
2012,대구,고,1.569947641905245,3.12
2013,대구,고,1.9644768460893132,5.28
2014,대구,고,2.0690571782945053,5.85
2015,대구,고,2.4033145667976386,7.69
2016,대구,고,2.757218798514984,9.63
2017,대구,고,3.2347356990077287,12.25
2018,대구,고,3.7533813276041217,15.09
2019,대구,고,4.235404730005584,17.74
2020,대구,고,4.447904124024806,18.91
2021,대구,고,5.558578504217721,25.0
2022,대구,고,6.671856883102654,31.11
2023,대구,고,7.510904264764232,35.71
2024,대구,고,8.988434377105577,43.82
2012,대구,중,2.191171855648048,6.52
2013,대구,중,2.32106820608921,7.24
2014,대구,중,2.407242667245471,7.71
2015,대구,중,2.611877304437893,8.83
2016,대구,중,2.88744805791268,10.34
2017,대구,중,2.9883759556475167,10.9
2018,대구,중,3.4177450053769025,13.26
2019,대구,중,3.754095590521742,15.1
2020,대구,중,4.361734892977139,18.44
2021,대구,중,4.518000832763771,19.29
2022,대구,중,5.100890741498585,22.49
2023,대구,중,5.684752450414297,25.7
2024,대구,중,6.01195549824171,27.49
2012,대전,고,2.9022407395053746,10.43
2013,대전,고,2.9240301531736246,10.55
2014,대전,고,2.4523540489346654,7.96
2015,대전,고,2.2620312349360647,6.91
2016,대전,고,3.0367737948978126,11.17
2017,대전,고,3.4164197620009853,13.25
2018,대전,고,3.5963987350848536,14.23
2019,대전,고,3.9967030651136377,16.43
2020,대전,고,3.891335753349634,15.85
2021,대전,고,4.806420277271817,20.87
2022,대전,고,5.262210709458795,23.37
2023,대전,고,6.345931019411202,29.32
2024,대전,고,7.791978338042025,37.26
2012,대전,중,2.2593797312684907,6.9
2013,대전,중,2.4508634743975737,7.95
2014,대전,중,2.5807956789464463,8.66
2015,대전,중,2.6669579531063725,9.14
2016,대전,중,2.9153239114728997,10.5
2017,대전,중,2.8376884854640374,10.07
2018,대전,중,2.9918240397515903,10.92
2019,대전,중,3.6141061953377074,14.33
2020,대전,중,3.8344705421601195,15.54
2021,대전,중,3.8584930074008135,15.67
2022,대전,중,4.2735669987130285,17.95
2023,대전,중,4.834140850938892,21.03
2024,대전,중,5.2442965520495575,23.28
2012,부산,고,2.0187870913490427,5.58
2013,부산,고,2.0310183820580985,5.65
2014,부산,고,2.074652238517202,5.89
2015,부산,고,2.6446479562610747,9.02
2016,부산,고,3.6298893455321446,14.42
2017,부산,고,3.032442027108526,11.14
2018,부산,고,3.555056545691599,14.01
2019,부산,고,4.986234896889345,21.86
2020,부산,고,5.060261221392054,22.27
2021,부산,고,5.556752037667961,24.99
2022,부산,고,6.511917883401592,30.23
2023,부산,고,7.2826423385731385,34.46
2024,부산,고,8.097033676736542,38.93
2012,부산,중,2.404192458903287,7.69
2013,부산,중,2.749432718799403,9.59
2014,부산,중,2.6957536714058845,9.29
2015,부산,중,2.8669462245603388,10.23
2016,부산,중,3.2385556384783922,12.27
2017,부산,중,3.095941877628655,11.49
2018,부산,중,3.441837499068067,13.39
2019,부산,중,3.68839955634712,14.74
2020,부산,중,4.282112195877251,18.0
2021,부산,중,4.435366906988574,18.84
2022,부산,중,4.751082638681394,20.57
2023,부산,중,5.20199481406367,23.05
2024,부산,중,5.32702134061738,23.73
2012,서울,고,4.6467101277712715,20.0
2013,서울,고,4.785665000350672,20.76
2014,서울,고,5.238274012965165,23.24
2015,서울,고,5.037127918428464,22.14
2016,서울,고,6.053758318533783,27.72
2017,서울,고,6.483737431699497,30.08
2018,서울,고,6.940258335708405,32.58
2019,서울,고,8.529368050439052,41.3
2020,서울,고,9.281610099418236,45.43
2021,서울,고,9.65910590069457,47.5
2022,서울,고,11.732954152266283,58.88
2023,서울,고,12.684539195207005,64.1
2024,서울,고,15.352670275820195,78.74
2012,서울,중,2.8853279788403166,10.33
2013,서울,중,3.135929554979457,11.71
2014,서울,중,3.2542124179321443,12.36
2015,서울,중,3.6466261956541217,14.51
2016,서울,중,4.03870328243974,16.66
2017,서울,중,4.236800368740324,17.75
2018,서울,중,4.82843169780689,20.99
2019,서울,중,5.6123927374565294,25.29
2020,서울,중,6.202842694832218,28.54
2021,서울,중,6.384672728140231,29.54
2022,서울,중,6.721853545613955,31.39
2023,서울,중,7.482055164529517,35.56
2024,서울,중,7.688223049627009,36.69
2012,울산,고,1.0018408039010414,0.0
2013,울산,고,1.5477923115123597,3.0
2014,울산,고,1.8596413862131997,4.71
2015,울산,고,2.1855141334977737,6.5
2016,울산,고,2.567339326625955,8.59
2017,울산,고,2.8597729412521753,10.19
2018,울산,고,3.9585581247442096,16.22
2019,울산,고,4.512313605739285,19.26
2020,울산,고,4.529573186684947,19.36
2021,울산,고,5.543058242302463,24.92
2022,울산,고,7.844968446703524,37.55
2023,울산,고,8.244169276170835,39.74
2024,울산,고,10.603455490762803,52.68
2012,울산,중,1.2330646932596991,1.27
2013,울산,중,1.493564849821165,2.7
2014,울산,중,1.6915734376420548,3.79
2015,울산,중,2.0715441114322672,5.87
2016,울산,중,2.485714365466754,8.14
2017,울산,중,2.556096741659366,8.53
2018,울산,중,3.022554969956641,11.09
2019,울산,중,3.7132338584681754,14.88
2020,울산,중,4.878508042870525,21.27
2021,울산,중,4.938085102811495,21.6
2022,울산,중,5.315162099588317,23.67
2023,울산,중,5.595571008855918,25.21
2024,울산,중,5.910491192982821,26.93
2012,인천,고,2.1187391560132594,6.13
2013,인천,고,2.3349374478883784,7.31
2014,인천,고,2.707691180750293,9.36
2015,인천,고,3.634764294299393,14.45
2016,인천,고,3.9466529630946177,16.16
2017,인천,고,4.678617799299843,20.18
2018,인천,고,6.029993773704758,27.59
2019,인천,고,7.8670021109026695,37.67
2020,인천,고,9.181182238599185,44.88
2021,인천,고,10.399673455803613,51.57
2022,인천,고,13.05439178681885,66.13
2023,인천,고,15.540681625612562,79.78
2024,인천,고,19.22700423754409,100.0
2012,인천,중,2.6396648516227526,8.99
2013,인천,중,2.9516689357984096,10.7
2014,인천,중,3.2883555096208106,12.54
2015,인천,중,3.5416093454003152,13.94
2016,인천,중,4.030783717689946,16.62
2017,인천,중,4.407285618533178,18.68
2018,인천,중,5.161515344449363,22.83
2019,인천,중,6.136348173927196,28.17
2020,인천,중,7.440059365767895,35.33
2021,인천,중,8.040853523722575,38.62
2022,인천,중,9.363067416644048,45.88
2023,인천,중,11.018417739275652,54.96
2024,인천,중,12.654323721499601,63.93
2012,전남,고,1.9408555599024386,5.15
2013,전남,고,3.23579266727965,12.26
2014,전남,고,2.5485810580180046,8.49
2015,전남,고,3.2658613990984735,12.42
2016,전남,고,4.164569302708323,17.36
2017,전남,고,4.741065394011679,20.52
2018,전남,고,6.211793625331474,28.59
2019,전남,고,6.59275736669437,30.68
2020,전남,고,6.97250152678739,32.76
2021,전남,고,7.307961332413502,34.6
2022,전남,고,8.281808369385914,39.95
2023,전남,고,9.571499164054423,47.02
2024,전남,고,12.399248217777409,62.53
2012,전남,중,3.4155070228526805,13.25
2013,전남,중,4.286587457576089,18.02
2014,전남,중,4.119436474334391,17.1
2015,전남,중,4.443335504257819,18.88
2016,전남,중,5.055574432365729,22.24
2017,전남,중,5.552033539160257,24.97
2018,전남,중,6.128167098191064,28.13
2019,전남,중,6.5482210948385395,30.43
2020,전남,중,7.276697838699973,34.43
2021,전남,중,7.915351481672722,37.93
2022,전남,중,8.541961988620363,41.37
2023,전남,중,9.08845452560448,44.37
2024,전남,중,9.685840846931058,47.65
2012,전북,고,1.309015517964084,1.68
2013,전북,고,2.8087785380013406,9.91
2014,전북,고,2.5576542600065078,8.54
2015,전북,고,3.383688276470476,13.07
2016,전북,고,3.3630344759793123,12.95
2017,전북,고,3.466511687771783,13.53
2018,전북,고,4.457599731884793,18.96
2019,전북,고,5.323545836810044,23.71
2020,전북,고,5.671372063324534,25.62
2021,전북,고,6.539546400143397,30.39
2022,전북,고,7.844872038586045,37.55
2023,전북,고,8.74243583989225,42.47
2024,전북,고,10.446821623283125,51.82
2012,전북,중,3.3219083967278324,12.73
2013,전북,중,3.7537634653997998,15.1
2014,전북,중,3.6695527186425108,14.64
2015,전북,중,4.030982179159265,16.62
2016,전북,중,4.25979364904394,17.88
2017,전북,중,4.504713059739252,19.22
2018,전북,중,4.8071871367884915,20.88
2019,전북,중,5.1010750133692415,22.49
2020,전북,중,5.84404946464541,26.57
2021,전북,중,6.2269773825887,28.67
2022,전북,중,6.909939237899463,32.42
2023,전북,중,7.501449496951384,35.66
2024,전북,중,7.980467129972549,38.29
2012,제주,고,1.5559655023874222,3.04
2013,제주,고,1.321169794645003,4.31
2014,제주,고,2.577664016417123,8.65
2015,제주,고,2.673277576041303,9.17
2016,제주,고,2.4930284545473294,8.18
2017,제주,고,3.226286846734901,12.2
2018,제주,고,3.4194862509736685,13.26
2019,제주,고,5.0486628025955005,22.21
2020,제주,고,5.014521715035537,22.02
2021,제주,고,6.599439093268209,30.71
2021,제주,고,6.51183440907578,30.23
2022,제주,고,8.518808640304483,41.25
2023,제주,고,10.496330402763796,52.09
2024,제주,고,12.763253807196174,64.53
2012,제주,중,2.4021711638255674,7.68
2013,제주,중,2.8233893258640914,9.81
2014,제주,중,3.0631272584016123,11.31
2015,제주,중,3.2800038783003505,12.5
2016,제주,중,3.5561426968308343,14.01
2017,제주,중,3.850856503937185,15.63
2018,제주,중,3.8208643508765663,15.47
2019,제주,중,4.675938900513313,20.16
2020,제주,중,5.511127624797663,24.74
2021,제주,중,6.1512401205765,28.25
2021,제주,중,6.160902067271599,28.31
2022,제주,중,7.266042964542601,34.37
2023,제주,중,7.897822731456876,37.84
2024,제주,중,9.216270828527986,45.07
2012,충남,고,1.6210620536943112,3.4
2013,충남,고,2.2291324577729483,6.73
2014,충남,고,2.1102564536627186,6.08
2015,충남,고,3.3827449914961876,13.06
2016,충남,고,3.5845066331523086,14.17
2017,충남,고,3.3577981247824615,12.93
2018,충남,고,4.292153040896942,18.05
2019,충남,고,5.899940622278821,26.88
2020,충남,고,8.135468970503732,39.14
2021,충남,고,9.811484571289125,48.33
2022,충남,고,12.952857960377349,65.57
2023,충남,고,15.912484877835041,81.81
2024,충남,고,19.092520341828784,99.26
2012,충남,중,2.4173004243687792,7.76
2013,충남,중,2.7878013686343577,9.8
2014,충남,중,2.84485096028485,10.11
2015,충남,중,3.514287492171855,13.78
2016,충남,중,3.976988094263228,16.32
2017,충남,중,4.00100174971892,16.46
2018,충남,중,5.1674470120604274,22.85
2019,충남,중,6.4573266276794605,29.93
2020,충남,중,7.610566122324207,36.26
2021,충남,중,8.640475297081768,41.91
2022,충남,중,10.006954612637243,49.41
2023,충남,중,11.818665015980136,59.35
2024,충남,중,13.54247821517587,68.81
2012,충북,고,1.1955796058138397,1.06
2013,충북,고,1.6026660265686639,3.3
2014,충북,고,2.0034633373347095,5.49
2015,충북,고,2.4489079058583534,7.94
2016,충북,고,2.7815755035807768,9.77
2017,충북,고,3.175189513544755,11.92
2018,충북,고,4.586681638801376,19.67
2019,충북,고,5.440891696679918,24.36
2020,충북,고,6.222702826734169,28.65
2021,충북,고,7.836286045444856,37.5
2022,충북,고,10.323513389306829,51.15
2023,충북,고,11.822716460253375,59.37
2024,충북,고,15.131226094711154,77.53
2012,충북,중,2.7960845397976137,9.84
2013,충북,중,2.897075084713013,10.4
2014,충북,중,3.20078708031184,12.07
2015,충북,중,3.260004044797598,12.39
2016,충북,중,3.652254639069933,14.54
2017,충북,중,4.155476683723354,17.3
2018,충북,중,4.72732423022812,20.44
2019,충북,중,5.446460087382937,24.38
2020,충북,중,6.894858072286717,32.33
2021,충북,중,7.412227705333031,35.17
2022,충북,중,8.33812070259058,40.25
2023,충북,중,9.342192106347493,45.76
2024,충북,중,10.622588326141633,52.79
